elapsed time sensors,current,voltage,acc x (IMU),acc y (IMU),W (IMU),vel encoder,safety_value,throttle,steering,vicon time,vicon x,vicon y,vicon yaw,velocity x,velocity y
5.343813419342041,0.0,0.0,0.0,0.0,0.006867095362395048,1.608296406629961e-05,0.0,0.0,0.0,1734429010.3126755,-9.180413784138204e-09,4.247461950211548e-06,6.167470394433803e-05,0.0,0.0
10.779252052307129,0.0,0.0,0.0,0.0,0.004074010066688061,4.691370122600347e-05,0.0,0.0,0.0,1734429015.748132,3.4174701567637177e-07,1.0197363116548615e-05,0.00011546115652878718,4.691370122600347e-05,0.0006218855851329863
15.34299373626709,0.0,0.0,0.0,0.0,0.0057496922090649605,6.0460537497419864e-05,0.0,0.0,0.0,1734429020.3118796,8.541275836509886e-07,1.629031191429165e-05,0.00017470563977028012,4.691370122600347e-05,0.0006041736342012882
19.23216438293457,0.0,0.0,0.0,0.0,0.0062700421549379826,4.070570139447227e-05,1.0,0.30000001192092896,0.0,1734429024.2010553,1.369271161891774e-06,2.224872847967099e-05,0.00024256378407285943,4.070570139447227e-05,0.000578453647904098
19.23216438293457,0.0,0.0,0.0,0.0,0.0062700421549379826,4.070570139447227e-05,1.0,0.30000001192092896,0.0,1734429028.3008685,0.00012523898557889788,2.8807290791034166e-05,0.0003136287689652121,4.070570139447227e-05,0.0007243482396006584
