elapsed time sensors,current,voltage,acc x (IMU),acc y (IMU),W (IMU),vel encoder,safety_value,throttle,steering,vicon time,vicon x,vicon y,vicon yaw,velocity x,velocity y
6.026952266693115,0.0,0.0,0.0,0.0,0.02526215836405754,0.00021965162886772305,0.0,0.0,0.0,1734528116.4158852,1.5602574946016393e-06,3.631336391210917e-06,0.00015907143150708763,0.00021965162886772305,0.00029740549507550895
6.026952266693115,0.0,0.0,0.0,0.0,0.02526215836405754,0.00021965162886772305,0.0,0.0,0.0,1734528121.9911113,2.8372137503215284e-06,6.958570534368647e-06,0.00032391778666950944,2.7131467504659668e-05,0.00029740549507550895
11.602156639099121,0.0,0.0,0.0,0.0,0.018055418506264687,2.7131467504659668e-05,1.0,0.30000001192092896,1.0,1734528122.4670515,0.00010421986889535919,0.00011887861941775642,0.0018109380284735796,2.7131467504659668e-05,0.018714137375354767
12.078092575073242,0.0,0.0,0.0,0.0,0.20504391193389893,0.02118053287267685,1.0,0.30000001192092896,-1.0,1734528124.1602666,0.0003964239897668824,0.00020350209180243752,0.0024700494456071772,0.03662128746509552,0.018714137375354767
14.105217933654785,0.0,0.0,0.0,0.0,-0.3377496600151062,0.05304587259888649,1.0,0.30000001192092896,0.0,1734528124.494156,0.0008420479341280616,6.0529650525885834e-05,0.00043844483712645726,0.05304587259888649,-0.023399652913212776
14.595465660095215,0.0,0.0,0.0,0.0,-0.03595143184065819,0.07113474607467651,1.0,0.30000001192092896,1.0,1734528124.9844239,0.0014645151818237494,-9.552310904756744e-05,-0.0010275140038678357,0.07113474607467651,-0.007349212653934956
16.367807388305664,0.0,0.0,0.0,0.0,0.2566820979118347,0.08326534181833267,1.0,0.30000001192092896,1.0,1734528126.756758,0.002238068508037374,-6.246472348514827e-05,-0.00012204064256188982,0.07113474607467651,0.014330477453768253
16.532670974731445,0.0,0.0,0.0,0.0,0.388547420501709,0.10139231383800507,0.0,0.30000001192092896,0.0,1734528126.9216058,0.0031580370337093125,0.00013862601389953786,0.0034057766305089867,0.08326534181833267,0.023429764434695244
16.94668960571289,0.0,0.0,0.0,0.0,0.06489766389131546,0.11757440119981766,0.0,0.0,0.0,1734528127.3356328,0.004253629576458971,0.00032319662691828035,0.005457784924588025,0.11757440119981766,0.009301683865487576
