elapsed time sensors,current,voltage,acc x (IMU),acc y (IMU),W (IMU),vel encoder,safety_value,throttle,steering,vicon time,vicon x,vicon y,vicon yaw,velocity x,velocity y
2.1841323375701904,0.0,0.0,0.0,0.0,0.012823370285332203,-0.0004815909487660974,0.0,0.0,0.0,1734450376.45443,-3.9286113200904914e-06,3.8010826004635323e-06,8.522270559267422e-05,-0.0004815909487660974,8.336513565154746e-05
3.3683955669403076,0.0,0.0,0.0,0.0,0.00524422712624073,-0.0013043890940025449,0.0,0.0,0.0,1734450377.6386788,-1.1208085717417305e-05,8.726373570518018e-06,0.00020088898581731624,-0.0004815909487660974,8.336513565154746e-05
